bid,status,note
PGZ-B0030,destroyed,"Chip review: a small dark roof on 10 Jan 2026; boulders and debris on the footprint now (boulders read as roof-grey)."
PGZ-B0037,destroyed,"Chip review: a grey roof on 10 Jan 2026; a large boulder and earth on the footprint now (the boulder reads as roof-grey)."
PGZ-B0028,edge,"Chip review: roof intact; only the yard beside it is bare - standing at the edge of PG-01."
PGZ-B0029,not_building,"Chip review: the footprint lies on a yard on 10 Jan 2026; the house beside it is still standing."
PGZ-B0057,not_building,"Chip review: canopy on 10 Jan 2026, no roof - a Microsoft footprint in the channel."
PGZ-B0059,not_building,"Chip review: canopy on 10 Jan 2026, no roof."
PGZ-B0060,not_building,"Chip review: canopy on 10 Jan 2026, no roof - a Microsoft footprint in the channel."
PGZ-B0062,not_building,"Chip review: canopy and grass on 10 Jan 2026, no roof."
PGZ-B0066,not_building,"Chip review: grass on 10 Jan 2026; the hut stands beside the footprint."
PGZ-B0075,not_building,"Chip review: canopy on 10 Jan 2026, no roof - a Microsoft footprint in the channel."
