site,id,name,type,description,area_m2,soil_m2,grey_m2,crown_z,toe_z,H_m,L_m,reach_angle_deg,azimuth_deg,crown_at_edge,toe_at_edge,slope_mean_deg,ndvi_pre_source,source_m2,transport_m2,runout_m2,destroyed,damaged,edge
Ka Det Nge Htein,KD-01,Main valley debris flow,channel,"The large debris flow of the valley: an amphitheatre-shaped source scar and the scoured stream channel west of it fed one flow that cut a corridor through the middle of Ka Det Nge Htein, where houses and the road stood in January.",119653,90144,27335,213.5,5.0,208.5,887.7,13.2,121,True,False,13.4,0.83,36550,30008,53021,24,2,9
Ka Det Nge Htein,KD-02,West chute,open,"Narrow debris slide off the east flank of the KD-01 amphitheatre, running into the main channel.",7056,6253,640,174.8,45.2,129.5,333.3,21.2,136,False,False,21.0,0.74,4720,2320,12,0,0,0
Ka Det Nge Htein,KD-03,Long chute,open,"The longest open-slope chute on the north wall of the valley, ending on the debris fan above the corridor.",6709,6006,583,161.2,25.1,136.2,336.8,22.0,140,False,False,22.4,0.85,5214,1390,101,0,0,0
Ka Det Nge Htein,KD-04,Twin scar,open,Two scars side by side on the north wall - a narrow upper one and a wide lower one - whose debris merged.,13878,10942,2507,104.2,23.8,80.3,277.1,16.2,142,False,False,17.4,0.82,7159,4687,2024,1,0,1
Ka Det Nge Htein,KD-05,Slide onto the old clearing,open,Forest slope that failed onto a clearing already bare in January 2026 (the clearing itself is excluded).,1076,540,433,94.0,53.3,40.8,94.8,23.3,112,False,False,25.3,0.83,734,341,0,0,0,0
Ka Det Nge Htein,KD-06,North-east gully,channel,Debris flow scoured down a forested gully towards the north end of the village.,2417,1750,556,95.3,25.8,69.6,257.3,15.1,115,False,False,15.9,0.82,468,1573,376,0,0,0
Ka Det Nge Htein,KD-07,North tip slide,open,"Open-slope slide at the northern tip of the survey, high on the ridge.",6048,5708,160,175.3,85.0,90.3,159.5,29.5,8,False,True,28.3,0.86,5685,360,0,0,0,0
Ka Det Nge Htein,KD-08,North gully track,channel,Narrow scour track in a forested gully on the upper slope.,1788,1294,406,199.2,109.7,89.5,262.5,18.8,85,True,False,18.2,0.87,874,787,125,0,0,0
Ka Det Nge Htein,KD-09,South gully track,channel,"Debris track along the stream on the south side of the valley, ending above the school.",2914,448,2385,99.4,24.8,74.5,320.1,13.1,108,True,False,14.6,0.78,535,1865,516,0,0,0
Ngone Min Taung,NM-01,West river channel,channel,"The largest scoured channel: a stream bed stripped to sand and boulders from the south-west hills to the north edge of the survey, with its south-east tributary.",61092,4073,55862,211.3,10.7,200.5,918.3,12.3,9,True,False,10.1,0.82,8887,12368,39799,0,1,0
Ngone Min Taung,NM-02,North-west channels,channel,"Tributary channels in young plantation west of the monastery, scoured and buried in sand.",37842,11172,25581,72.5,11.8,60.7,496.8,7.0,48,True,False,6.5,0.85,1255,7925,28633,0,0,0
Ngone Min Taung,NM-03,Central channel,channel,A forested stream scoured from the foot of the southern hill north to the monastery road.,27362,2899,24018,208.2,21.5,186.6,640.9,16.2,4,True,False,16.3,0.87,9181,12280,5884,0,0,0
Ngone Min Taung,NM-04,South channel network,channel,The east-west stream at the foot of the southern hill and the branch that comes down to it from the south.,21896,3477,18097,112.4,23.5,88.9,433.5,11.6,78,False,False,15.4,0.85,6338,10795,4750,0,0,0
Ngone Min Taung,NM-05,Road slide,open,The largest open-slope failure: a stepped scar in red soil below the pagoda hill whose debris reached the road.,17565,11745,5644,89.5,26.8,62.7,221.7,15.8,52,False,False,14.1,0.61,6945,3298,7309,0,0,0
Ngone Min Taung,NM-06,South edge scar,open,Open-slope scar at the southern edge of the survey; its upper part lies beyond the flight.,10286,4790,5324,68.4,19.6,48.7,237.2,11.6,65,True,False,11.9,0.86,72,9120,1088,0,0,0
Ngone Min Taung,NM-07,Plantation flow,open,Debris flow through a plantation down to the road east of the monastery.,7945,5718,2042,80.9,26.5,54.4,206.2,14.8,337,False,False,13.4,0.75,1264,5221,1453,0,0,0
Ngone Min Taung,NM-08,Curving slide,open,Slide east of the pagoda whose debris curved north-east around a grass field.,6103,2508,3482,96.8,22.4,74.4,260.4,16.0,61,False,False,14.5,0.75,2309,1143,2646,0,0,0
Ngone Min Taung,NM-09,West branch channel,channel,Scoured side channel joining the west river channel.,3900,8,3804,64.9,41.0,24.0,183.4,7.4,65,True,False,8.4,,0,1990,1907,0,0,0
Ngone Min Taung,NM-10,South-west gully,channel,Gully scoured down the south-west hillside.,3110,254,2787,189.6,58.5,131.2,239.6,28.7,341,True,False,28.4,0.84,2819,289,0,0,0,0
Ngone Min Taung,NM-11,North edge channel,channel,Channel scour at the northern edge of the survey.,1847,52,1744,12.0,9.9,2.1,32.0,3.7,42,False,False,2.0,,0,0,1846,0,0,0
Ngone Min Taung,NM-12,East gully,channel,Gully scour at the east end of the south channel network.,1712,18,1627,21.2,17.2,4.0,82.4,2.8,138,False,False,4.5,,0,275,1437,0,0,0
Ngone Min Taung,NM-13,Minor scar,minor,Small scar or channel fragment.,1147,48,1045,16.8,12.6,4.2,68.9,3.4,37,False,False,2.6,,0,0,1146,0,0,0
Ngone Min Taung,NM-14,Minor scar,minor,Small scar or channel fragment.,837,155,665,60.3,27.7,32.6,87.3,20.5,11,False,False,19.4,0.85,129,648,59,0,0,0
Ngone Min Taung,NM-15,Minor scar,minor,Small scar or channel fragment.,816,84,713,29.0,23.6,5.3,37.8,8.0,218,False,False,4.8,,0,76,740,0,0,0
Ngone Min Taung,NM-16,Minor scar,minor,Small scar or channel fragment.,458,32,404,59.4,46.6,12.8,61.6,11.7,70,False,False,13.5,,14,443,0,0,0,0
Ngone Min Taung,NM-17,Minor scar,minor,Small scar or channel fragment.,404,0,360,185.4,137.6,47.8,77.4,31.7,308,True,True,32.2,0.83,404,0,0,0,0,0
Ngone Min Taung,NM-18,Minor scar,minor,Small scar or channel fragment.,361,38,312,86.3,68.4,17.9,38.4,24.9,98,False,False,24.8,0.81,361,0,0,0,0,0
Ngone Min Taung,NM-19,Minor scar,minor,Small scar or channel fragment.,347,0,331,26.5,22.7,3.8,52.3,4.2,71,False,False,6.8,,0,152,195,0,0,0
Ngone Min Taung,NM-20,Minor scar,minor,Small scar or channel fragment.,342,22,308,69.7,60.9,8.8,42.9,11.6,73,True,True,13.1,,0,342,0,0,0,0
Ngone Min Taung,NM-21,Minor scar,minor,Small scar or channel fragment.,336,192,140,31.1,29.7,1.3,41.4,1.9,281,False,False,1.5,,0,0,336,0,0,0
Ngone Min Taung,NM-22,Minor scar,minor,Small scar or channel fragment.,326,14,301,12.9,12.2,0.6,21.1,1.7,251,True,False,2.5,,0,0,326,0,0,0
Ngone Min Taung,NM-23,Minor scar,minor,Small scar or channel fragment.,270,2,256,17.6,15.8,1.9,26.0,4.1,17,False,False,4.6,,0,0,270,0,0,0
Ngone Min Taung,NM-24,Minor scar,minor,Small scar or channel fragment.,224,5,202,192.6,163.3,29.2,44.6,33.2,26,False,False,31.5,0.85,223,0,0,0,0,0
Ngone Min Taung,NM-25,Minor scar,minor,Small scar or channel fragment.,220,0,212,109.1,96.8,12.3,36.3,18.7,120,False,False,19.8,0.88,51,168,0,0,0,0
Ngone Min Taung,NM-26,Minor scar,minor,Small scar or channel fragment.,204,0,194,22.8,18.7,4.1,35.7,6.6,19,False,False,7.4,,0,72,133,0,0,0
Taw Kye,LS-01,Northern debris-flood fan,channel,"Debris flood / mudflow deposit; feeder channel enters from the west outside the survey, LS-02 runout also drains into it",50888,40759,9307,20.4,3.5,16.9,353.9,2.7,57,True,False,2.5,,0,2306,48560,0,0,3
Taw Kye,LS-02,Narrow northern debris flow,open,Long narrow scar on forested slope; channelised runout to the north-east into LS-01,9771,6070,3580,129.2,6.8,122.4,323.2,20.7,20,False,False,17.8,0.79,3962,3282,2524,0,0,0
Taw Kye,LS-03,"Twin-scar debris flow, north village",open,Two adjoining scars merging into one runout that buried the west side of the northern village and reached the road between houses,29911,25158,4233,108.3,7.3,101.0,295.5,18.9,49,False,False,15.4,0.76,8608,11583,9708,29,4,10
Taw Kye,LS-04,Stream-channel debris flow,channel,Channelised debris flow down a stream with two tributary scars; scoured the bed and reached the road,17489,6262,10049,146.3,8.2,138.1,579.6,13.4,68,False,False,18.5,0.7,8112,8199,1165,0,3,3
Taw Kye,LS-05,Hillslope slide to road,open,Short slide reaching the road from the west,3791,1924,1685,53.1,11.5,41.6,127.1,18.1,84,False,False,17.6,0.81,944,2845,0,0,0,3
Taw Kye,LS-06,Narrow central debris flow,open,Long narrow scar; runout reached the road and joins the LS-07 fan,2726,1432,1230,84.3,12.7,71.6,197.8,19.9,96,False,False,20.7,0.79,1579,1147,0,0,0,0
Taw Kye,LS-07,Central debris-flow complex,open,"Largest event: wide scoured source zone, runout through the village road and a fan across the paddies",64870,45444,17341,158.5,2.6,155.9,479.9,18.0,88,False,False,12.0,0.81,14188,22655,27993,6,3,0
Taw Kye,LS-08,Long southern debris flow,open,Long scar and channel; runout crossed the road junction into the paddies,13360,3542,9309,201.7,3.6,198.2,624.6,17.6,105,False,False,16.5,0.81,5761,2468,5127,1,2,2
Taw Kye,LS-09,Southern slope failure,open,Broad shallow failure of the forested slope at the south edge of the survey; continues beyond the flown area,13684,10033,3106,128.0,17.6,110.4,319.3,19.1,107,False,True,15.2,0.86,5585,5065,3028,0,0,0
